dimension_id,dimension_name,category,status
1,dimension_1,category_1,inactive
2,dimension_2,category_2,inactive
3,dimension_3,category_3,active
4,dimension_4,category_4,inactive
5,dimension_5,category_5,inactive
6,dimension_6,category_6,active
7,dimension_7,category_7,active
8,dimension_8,category_8,active
9,dimension_9,category_9,inactive
10,dimension_10,category_0,active
11,dimension_11,category_1,active
12,dimension_12,category_2,inactive
13,dimension_13,category_3,inactive
14,dimension_14,category_4,active
15,dimension_15,category_5,inactive
16,dimension_16,category_6,active
17,dimension_17,category_7,inactive
18,dimension_18,category_8,active
19,dimension_19,category_9,inactive
20,dimension_20,category_0,active
21,dimension_21,category_1,inactive
22,dimension_22,category_2,active
23,dimension_23,category_3,active
24,dimension_24,category_4,inactive
25,dimension_25,category_5,active
26,dimension_26,category_6,inactive
27,dimension_27,category_7,inactive
28,dimension_28,category_8,inactive
29,dimension_29,category_9,active
30,dimension_30,category_0,inactive
31,dimension_31,category_1,inactive
32,dimension_32,category_2,inactive
33,dimension_33,category_3,inactive
34,dimension_34,category_4,active
35,dimension_35,category_5,inactive
36,dimension_36,category_6,inactive
37,dimension_37,category_7,active
38,dimension_38,category_8,active
39,dimension_39,category_9,active
40,dimension_40,category_0,inactive
41,dimension_41,category_1,inactive
42,dimension_42,category_2,inactive
43,dimension_43,category_3,inactive
44,dimension_44,category_4,inactive
45,dimension_45,category_5,inactive
46,dimension_46,category_6,active
47,dimension_47,category_7,active
48,dimension_48,category_8,active
49,dimension_49,category_9,inactive
50,dimension_50,category_0,inactive
51,dimension_51,category_1,active
52,dimension_52,category_2,active
53,dimension_53,category_3,active
54,dimension_54,category_4,active
55,dimension_55,category_5,active
56,dimension_56,category_6,active
57,dimension_57,category_7,active
58,dimension_58,category_8,active
59,dimension_59,category_9,active
60,dimension_60,category_0,active
61,dimension_61,category_1,active
62,dimension_62,category_2,inactive
63,dimension_63,category_3,inactive
64,dimension_64,category_4,inactive
65,dimension_65,category_5,active
66,dimension_66,category_6,inactive
67,dimension_67,category_7,active
68,dimension_68,category_8,active
69,dimension_69,category_9,active
70,dimension_70,category_0,inactive
71,dimension_71,category_1,active
72,dimension_72,category_2,inactive
73,dimension_73,category_3,active
74,dimension_74,category_4,inactive
75,dimension_75,category_5,inactive
76,dimension_76,category_6,inactive
77,dimension_77,category_7,inactive
78,dimension_78,category_8,inactive
79,dimension_79,category_9,active
80,dimension_80,category_0,inactive
81,dimension_81,category_1,active
82,dimension_82,category_2,active
83,dimension_83,category_3,inactive
84,dimension_84,category_4,inactive
85,dimension_85,category_5,active
86,dimension_86,category_6,inactive
87,dimension_87,category_7,inactive
88,dimension_88,category_8,active
89,dimension_89,category_9,inactive
90,dimension_90,category_0,inactive
91,dimension_91,category_1,inactive
92,dimension_92,category_2,active
93,dimension_93,category_3,active
94,dimension_94,category_4,inactive
95,dimension_95,category_5,inactive
96,dimension_96,category_6,active
97,dimension_97,category_7,active
98,dimension_98,category_8,inactive
99,dimension_99,category_9,active
100,dimension_100,category_0,active
101,dimension_101,category_1,inactive
102,dimension_102,category_2,inactive
103,dimension_103,category_3,active
104,dimension_104,category_4,active
105,dimension_105,category_5,active
106,dimension_106,category_6,active
107,dimension_107,category_7,active
108,dimension_108,category_8,active
109,dimension_109,category_9,active
110,dimension_110,category_0,inactive
111,dimension_111,category_1,inactive
112,dimension_112,category_2,inactive
113,dimension_113,category_3,inactive
114,dimension_114,category_4,inactive
115,dimension_115,category_5,inactive
116,dimension_116,category_6,inactive
117,dimension_117,category_7,inactive
118,dimension_118,category_8,inactive
119,dimension_119,category_9,active
120,dimension_120,category_0,inactive
121,dimension_121,category_1,active
122,dimension_122,category_2,inactive
123,dimension_123,category_3,active
124,dimension_124,category_4,active
125,dimension_125,category_5,inactive
126,dimension_126,category_6,active
127,dimension_127,category_7,inactive
128,dimension_128,category_8,inactive
129,dimension_129,category_9,active
130,dimension_130,category_0,inactive
131,dimension_131,category_1,active
132,dimension_132,category_2,active
133,dimension_133,category_3,active
134,dimension_134,category_4,active
135,dimension_135,category_5,active
136,dimension_136,category_6,inactive
137,dimension_137,category_7,inactive
138,dimension_138,category_8,active
139,dimension_139,category_9,active
140,dimension_140,category_0,active
141,dimension_141,category_1,active
142,dimension_142,category_2,inactive
143,dimension_143,category_3,active
144,dimension_144,category_4,active
145,dimension_145,category_5,inactive
146,dimension_146,category_6,inactive
147,dimension_147,category_7,inactive
148,dimension_148,category_8,active
149,dimension_149,category_9,inactive
150,dimension_150,category_0,inactive
151,dimension_151,category_1,active
152,dimension_152,category_2,active
153,dimension_153,category_3,active
154,dimension_154,category_4,active
155,dimension_155,category_5,inactive
156,dimension_156,category_6,active
157,dimension_157,category_7,inactive
158,dimension_158,category_8,inactive
159,dimension_159,category_9,inactive
160,dimension_160,category_0,inactive
161,dimension_161,category_1,active
162,dimension_162,category_2,active
163,dimension_163,category_3,inactive
164,dimension_164,category_4,inactive
165,dimension_165,category_5,active
166,dimension_166,category_6,inactive
167,dimension_167,category_7,active
168,dimension_168,category_8,active
169,dimension_169,category_9,inactive
170,dimension_170,category_0,inactive
171,dimension_171,category_1,active
172,dimension_172,category_2,inactive
173,dimension_173,category_3,active
174,dimension_174,category_4,inactive
175,dimension_175,category_5,active
176,dimension_176,category_6,active
177,dimension_177,category_7,active
178,dimension_178,category_8,active
179,dimension_179,category_9,inactive
180,dimension_180,category_0,inactive
181,dimension_181,category_1,active
182,dimension_182,category_2,inactive
183,dimension_183,category_3,inactive
184,dimension_184,category_4,active
185,dimension_185,category_5,active
186,dimension_186,category_6,active
187,dimension_187,category_7,inactive
188,dimension_188,category_8,inactive
189,dimension_189,category_9,inactive
190,dimension_190,category_0,inactive
191,dimension_191,category_1,inactive
192,dimension_192,category_2,active
193,dimension_193,category_3,inactive
194,dimension_194,category_4,active
195,dimension_195,category_5,active
196,dimension_196,category_6,inactive
197,dimension_197,category_7,active
198,dimension_198,category_8,active
199,dimension_199,category_9,inactive
200,dimension_200,category_0,active
201,dimension_201,category_1,active
202,dimension_202,category_2,active
203,dimension_203,category_3,active
204,dimension_204,category_4,inactive
205,dimension_205,category_5,active
206,dimension_206,category_6,active
207,dimension_207,category_7,active
208,dimension_208,category_8,active
209,dimension_209,category_9,inactive
210,dimension_210,category_0,inactive
211,dimension_211,category_1,inactive
212,dimension_212,category_2,inactive
213,dimension_213,category_3,active
214,dimension_214,category_4,inactive
215,dimension_215,category_5,active
216,dimension_216,category_6,active
217,dimension_217,category_7,inactive
218,dimension_218,category_8,active
219,dimension_219,category_9,inactive
220,dimension_220,category_0,active
221,dimension_221,category_1,active
222,dimension_222,category_2,inactive
223,dimension_223,category_3,active
224,dimension_224,category_4,inactive
225,dimension_225,category_5,active
226,dimension_226,category_6,inactive
227,dimension_227,category_7,inactive
228,dimension_228,category_8,active
229,dimension_229,category_9,inactive
230,dimension_230,category_0,inactive
231,dimension_231,category_1,active
232,dimension_232,category_2,active
233,dimension_233,category_3,active
234,dimension_234,category_4,active
235,dimension_235,category_5,active
236,dimension_236,category_6,inactive
237,dimension_237,category_7,inactive
238,dimension_238,category_8,inactive
239,dimension_239,category_9,active
240,dimension_240,category_0,active
241,dimension_241,category_1,inactive
242,dimension_242,category_2,inactive
243,dimension_243,category_3,inactive
244,dimension_244,category_4,inactive
245,dimension_245,category_5,active
246,dimension_246,category_6,active
247,dimension_247,category_7,active
248,dimension_248,category_8,active
249,dimension_249,category_9,active
250,dimension_250,category_0,inactive
251,dimension_251,category_1,inactive
252,dimension_252,category_2,active
253,dimension_253,category_3,active
254,dimension_254,category_4,active
255,dimension_255,category_5,active
256,dimension_256,category_6,inactive
257,dimension_257,category_7,inactive
258,dimension_258,category_8,active
259,dimension_259,category_9,active
260,dimension_260,category_0,inactive
261,dimension_261,category_1,active
262,dimension_262,category_2,active
263,dimension_263,category_3,inactive
264,dimension_264,category_4,inactive
265,dimension_265,category_5,inactive
266,dimension_266,category_6,active
267,dimension_267,category_7,inactive
268,dimension_268,category_8,inactive
269,dimension_269,category_9,active
270,dimension_270,category_0,active
271,dimension_271,category_1,active
272,dimension_272,category_2,inactive
273,dimension_273,category_3,active
274,dimension_274,category_4,active
275,dimension_275,category_5,active
276,dimension_276,category_6,inactive
277,dimension_277,category_7,inactive
278,dimension_278,category_8,inactive
279,dimension_279,category_9,active
280,dimension_280,category_0,inactive
281,dimension_281,category_1,inactive
282,dimension_282,category_2,inactive
283,dimension_283,category_3,inactive
284,dimension_284,category_4,active
285,dimension_285,category_5,active
286,dimension_286,category_6,inactive
287,dimension_287,category_7,active
288,dimension_288,category_8,active
289,dimension_289,category_9,active
290,dimension_290,category_0,inactive
291,dimension_291,category_1,inactive
292,dimension_292,category_2,inactive
293,dimension_293,category_3,inactive
294,dimension_294,category_4,active
295,dimension_295,category_5,inactive
296,dimension_296,category_6,inactive
297,dimension_297,category_7,active
298,dimension_298,category_8,inactive
299,dimension_299,category_9,active
300,dimension_300,category_0,inactive
301,dimension_301,category_1,inactive
302,dimension_302,category_2,active
303,dimension_303,category_3,active
304,dimension_304,category_4,active
305,dimension_305,category_5,active
306,dimension_306,category_6,active
307,dimension_307,category_7,inactive
308,dimension_308,category_8,active
309,dimension_309,category_9,active
310,dimension_310,category_0,inactive
311,dimension_311,category_1,inactive
312,dimension_312,category_2,active
313,dimension_313,category_3,active
314,dimension_314,category_4,active
315,dimension_315,category_5,inactive
316,dimension_316,category_6,active
317,dimension_317,category_7,active
318,dimension_318,category_8,active
319,dimension_319,category_9,inactive
320,dimension_320,category_0,active
321,dimension_321,category_1,active
322,dimension_322,category_2,active
323,dimension_323,category_3,active
324,dimension_324,category_4,inactive
325,dimension_325,category_5,active
326,dimension_326,category_6,active
327,dimension_327,category_7,inactive
328,dimension_328,category_8,active
329,dimension_329,category_9,active
330,dimension_330,category_0,inactive
331,dimension_331,category_1,inactive
332,dimension_332,category_2,active
333,dimension_333,category_3,inactive
334,dimension_334,category_4,active
335,dimension_335,category_5,active
336,dimension_336,category_6,inactive
337,dimension_337,category_7,active
338,dimension_338,category_8,active
339,dimension_339,category_9,inactive
340,dimension_340,category_0,inactive
341,dimension_341,category_1,inactive
342,dimension_342,category_2,active
343,dimension_343,category_3,inactive
344,dimension_344,category_4,inactive
345,dimension_345,category_5,inactive
346,dimension_346,category_6,inactive
347,dimension_347,category_7,active
348,dimension_348,category_8,active
349,dimension_349,category_9,active
350,dimension_350,category_0,active
351,dimension_351,category_1,inactive
352,dimension_352,category_2,active
353,dimension_353,category_3,active
354,dimension_354,category_4,active
355,dimension_355,category_5,active
356,dimension_356,category_6,active
357,dimension_357,category_7,active
358,dimension_358,category_8,inactive
359,dimension_359,category_9,inactive
360,dimension_360,category_0,inactive
361,dimension_361,category_1,inactive
362,dimension_362,category_2,active
363,dimension_363,category_3,inactive
364,dimension_364,category_4,inactive
365,dimension_365,category_5,inactive
366,dimension_366,category_6,active
367,dimension_367,category_7,inactive
368,dimension_368,category_8,active
369,dimension_369,category_9,active
370,dimension_370,category_0,active
371,dimension_371,category_1,inactive
372,dimension_372,category_2,inactive
373,dimension_373,category_3,active
374,dimension_374,category_4,inactive
375,dimension_375,category_5,active
376,dimension_376,category_6,inactive
377,dimension_377,category_7,inactive
378,dimension_378,category_8,active
379,dimension_379,category_9,active
380,dimension_380,category_0,active
381,dimension_381,category_1,inactive
382,dimension_382,category_2,active
383,dimension_383,category_3,active
384,dimension_384,category_4,inactive
385,dimension_385,category_5,inactive
386,dimension_386,category_6,active
387,dimension_387,category_7,inactive
388,dimension_388,category_8,active
389,dimension_389,category_9,active
390,dimension_390,category_0,active
391,dimension_391,category_1,active
392,dimension_392,category_2,inactive
393,dimension_393,category_3,inactive
394,dimension_394,category_4,inactive
395,dimension_395,category_5,active
396,dimension_396,category_6,active
397,dimension_397,category_7,inactive
398,dimension_398,category_8,active
399,dimension_399,category_9,active
400,dimension_400,category_0,active
401,dimension_401,category_1,active
402,dimension_402,category_2,inactive
403,dimension_403,category_3,inactive
404,dimension_404,category_4,active
405,dimension_405,category_5,active
406,dimension_406,category_6,active
407,dimension_407,category_7,active
408,dimension_408,category_8,inactive
409,dimension_409,category_9,active
410,dimension_410,category_0,active
411,dimension_411,category_1,inactive
412,dimension_412,category_2,inactive
413,dimension_413,category_3,active
414,dimension_414,category_4,inactive
415,dimension_415,category_5,active
416,dimension_416,category_6,active
417,dimension_417,category_7,active
418,dimension_418,category_8,inactive
419,dimension_419,category_9,inactive
420,dimension_420,category_0,active
421,dimension_421,category_1,active
422,dimension_422,category_2,inactive
423,dimension_423,category_3,inactive
424,dimension_424,category_4,inactive
425,dimension_425,category_5,active
426,dimension_426,category_6,active
427,dimension_427,category_7,active
428,dimension_428,category_8,inactive
429,dimension_429,category_9,active
430,dimension_430,category_0,inactive
431,dimension_431,category_1,active
432,dimension_432,category_2,inactive
433,dimension_433,category_3,inactive
434,dimension_434,category_4,inactive
435,dimension_435,category_5,active
436,dimension_436,category_6,active
437,dimension_437,category_7,active
438,dimension_438,category_8,inactive
439,dimension_439,category_9,inactive
440,dimension_440,category_0,active
441,dimension_441,category_1,active
442,dimension_442,category_2,inactive
443,dimension_443,category_3,active
444,dimension_444,category_4,inactive
445,dimension_445,category_5,inactive
446,dimension_446,category_6,active
447,dimension_447,category_7,inactive
448,dimension_448,category_8,active
449,dimension_449,category_9,inactive
450,dimension_450,category_0,active
451,dimension_451,category_1,inactive
452,dimension_452,category_2,inactive
453,dimension_453,category_3,active
454,dimension_454,category_4,inactive
455,dimension_455,category_5,inactive
456,dimension_456,category_6,inactive
457,dimension_457,category_7,inactive
458,dimension_458,category_8,inactive
459,dimension_459,category_9,active
460,dimension_460,category_0,inactive
461,dimension_461,category_1,active
462,dimension_462,category_2,active
463,dimension_463,category_3,inactive
464,dimension_464,category_4,active
465,dimension_465,category_5,active
466,dimension_466,category_6,active
467,dimension_467,category_7,active
468,dimension_468,category_8,active
469,dimension_469,category_9,inactive
470,dimension_470,category_0,inactive
471,dimension_471,category_1,inactive
472,dimension_472,category_2,inactive
473,dimension_473,category_3,active
474,dimension_474,category_4,inactive
475,dimension_475,category_5,active
476,dimension_476,category_6,active
477,dimension_477,category_7,active
478,dimension_478,category_8,inactive
479,dimension_479,category_9,active
480,dimension_480,category_0,active
481,dimension_481,category_1,inactive
482,dimension_482,category_2,inactive
483,dimension_483,category_3,inactive
484,dimension_484,category_4,active
485,dimension_485,category_5,inactive
486,dimension_486,category_6,inactive
487,dimension_487,category_7,active
488,dimension_488,category_8,active
489,dimension_489,category_9,inactive
490,dimension_490,category_0,active
491,dimension_491,category_1,inactive
492,dimension_492,category_2,inactive
493,dimension_493,category_3,active
494,dimension_494,category_4,active
495,dimension_495,category_5,active
496,dimension_496,category_6,inactive
497,dimension_497,category_7,inactive
498,dimension_498,category_8,inactive
499,dimension_499,category_9,active
500,dimension_500,category_0,inactive
501,dimension_501,category_1,active
502,dimension_502,category_2,inactive
503,dimension_503,category_3,active
504,dimension_504,category_4,inactive
505,dimension_505,category_5,active
506,dimension_506,category_6,active
507,dimension_507,category_7,inactive
508,dimension_508,category_8,active
509,dimension_509,category_9,active
510,dimension_510,category_0,inactive
511,dimension_511,category_1,inactive
512,dimension_512,category_2,active
513,dimension_513,category_3,inactive
514,dimension_514,category_4,active
515,dimension_515,category_5,active
516,dimension_516,category_6,inactive
517,dimension_517,category_7,inactive
518,dimension_518,category_8,active
519,dimension_519,category_9,active
520,dimension_520,category_0,active
521,dimension_521,category_1,inactive
522,dimension_522,category_2,inactive
523,dimension_523,category_3,inactive
524,dimension_524,category_4,active
525,dimension_525,category_5,active
526,dimension_526,category_6,inactive
527,dimension_527,category_7,active
528,dimension_528,category_8,active
529,dimension_529,category_9,active
530,dimension_530,category_0,inactive
531,dimension_531,category_1,inactive
532,dimension_532,category_2,active
533,dimension_533,category_3,inactive
534,dimension_534,category_4,active
535,dimension_535,category_5,active
536,dimension_536,category_6,inactive
537,dimension_537,category_7,active
538,dimension_538,category_8,inactive
539,dimension_539,category_9,inactive
540,dimension_540,category_0,active
541,dimension_541,category_1,active
542,dimension_542,category_2,active
543,dimension_543,category_3,active
544,dimension_544,category_4,active
545,dimension_545,category_5,active
546,dimension_546,category_6,active
547,dimension_547,category_7,active
548,dimension_548,category_8,inactive
549,dimension_549,category_9,inactive
550,dimension_550,category_0,active
551,dimension_551,category_1,inactive
552,dimension_552,category_2,active
553,dimension_553,category_3,inactive
554,dimension_554,category_4,active
555,dimension_555,category_5,active
556,dimension_556,category_6,active
557,dimension_557,category_7,active
558,dimension_558,category_8,inactive
559,dimension_559,category_9,inactive
560,dimension_560,category_0,active
561,dimension_561,category_1,active
562,dimension_562,category_2,active
563,dimension_563,category_3,inactive
564,dimension_564,category_4,inactive
565,dimension_565,category_5,inactive
566,dimension_566,category_6,inactive
567,dimension_567,category_7,active
568,dimension_568,category_8,active
569,dimension_569,category_9,active
570,dimension_570,category_0,active
571,dimension_571,category_1,active
572,dimension_572,category_2,inactive
573,dimension_573,category_3,active
574,dimension_574,category_4,inactive
575,dimension_575,category_5,active
576,dimension_576,category_6,inactive
577,dimension_577,category_7,inactive
578,dimension_578,category_8,inactive
579,dimension_579,category_9,inactive
580,dimension_580,category_0,active
581,dimension_581,category_1,inactive
582,dimension_582,category_2,inactive
583,dimension_583,category_3,inactive
584,dimension_584,category_4,active
585,dimension_585,category_5,inactive
586,dimension_586,category_6,active
587,dimension_587,category_7,active
588,dimension_588,category_8,inactive
589,dimension_589,category_9,active
590,dimension_590,category_0,active
591,dimension_591,category_1,inactive
592,dimension_592,category_2,active
593,dimension_593,category_3,inactive
594,dimension_594,category_4,inactive
595,dimension_595,category_5,inactive
596,dimension_596,category_6,inactive
597,dimension_597,category_7,active
598,dimension_598,category_8,active
599,dimension_599,category_9,inactive
600,dimension_600,category_0,inactive
601,dimension_601,category_1,inactive
602,dimension_602,category_2,active
603,dimension_603,category_3,inactive
604,dimension_604,category_4,inactive
605,dimension_605,category_5,inactive
606,dimension_606,category_6,inactive
607,dimension_607,category_7,inactive
608,dimension_608,category_8,inactive
609,dimension_609,category_9,active
610,dimension_610,category_0,active
611,dimension_611,category_1,inactive
612,dimension_612,category_2,inactive
613,dimension_613,category_3,inactive
614,dimension_614,category_4,inactive
615,dimension_615,category_5,inactive
616,dimension_616,category_6,active
617,dimension_617,category_7,active
618,dimension_618,category_8,inactive
619,dimension_619,category_9,active
620,dimension_620,category_0,active
621,dimension_621,category_1,inactive
622,dimension_622,category_2,active
623,dimension_623,category_3,active
624,dimension_624,category_4,inactive
625,dimension_625,category_5,inactive
626,dimension_626,category_6,inactive
627,dimension_627,category_7,inactive
628,dimension_628,category_8,inactive
629,dimension_629,category_9,inactive
630,dimension_630,category_0,active
631,dimension_631,category_1,inactive
632,dimension_632,category_2,inactive
633,dimension_633,category_3,inactive
634,dimension_634,category_4,active
635,dimension_635,category_5,active
636,dimension_636,category_6,active
637,dimension_637,category_7,inactive
638,dimension_638,category_8,active
639,dimension_639,category_9,active
640,dimension_640,category_0,active
641,dimension_641,category_1,inactive
642,dimension_642,category_2,active
643,dimension_643,category_3,active
644,dimension_644,category_4,active
645,dimension_645,category_5,active
646,dimension_646,category_6,inactive
647,dimension_647,category_7,active
648,dimension_648,category_8,active
649,dimension_649,category_9,active
650,dimension_650,category_0,active
651,dimension_651,category_1,active
652,dimension_652,category_2,active
653,dimension_653,category_3,inactive
654,dimension_654,category_4,active
655,dimension_655,category_5,inactive
656,dimension_656,category_6,active
657,dimension_657,category_7,active
658,dimension_658,category_8,active
659,dimension_659,category_9,active
660,dimension_660,category_0,active
661,dimension_661,category_1,inactive
662,dimension_662,category_2,inactive
663,dimension_663,category_3,active
664,dimension_664,category_4,active
665,dimension_665,category_5,active
666,dimension_666,category_6,inactive
667,dimension_667,category_7,inactive
668,dimension_668,category_8,active
669,dimension_669,category_9,inactive
670,dimension_670,category_0,inactive
671,dimension_671,category_1,active
672,dimension_672,category_2,inactive
673,dimension_673,category_3,active
674,dimension_674,category_4,inactive
675,dimension_675,category_5,inactive
676,dimension_676,category_6,inactive
677,dimension_677,category_7,inactive
678,dimension_678,category_8,inactive
679,dimension_679,category_9,inactive
680,dimension_680,category_0,active
681,dimension_681,category_1,inactive
682,dimension_682,category_2,inactive
683,dimension_683,category_3,active
684,dimension_684,category_4,active
685,dimension_685,category_5,active
686,dimension_686,category_6,active
687,dimension_687,category_7,active
688,dimension_688,category_8,active
689,dimension_689,category_9,inactive
690,dimension_690,category_0,inactive
691,dimension_691,category_1,active
692,dimension_692,category_2,active
693,dimension_693,category_3,inactive
694,dimension_694,category_4,active
695,dimension_695,category_5,inactive
696,dimension_696,category_6,inactive
697,dimension_697,category_7,active
698,dimension_698,category_8,active
699,dimension_699,category_9,inactive
700,dimension_700,category_0,inactive
701,dimension_701,category_1,inactive
702,dimension_702,category_2,inactive
703,dimension_703,category_3,inactive
704,dimension_704,category_4,inactive
705,dimension_705,category_5,inactive
706,dimension_706,category_6,inactive
707,dimension_707,category_7,active
708,dimension_708,category_8,active
709,dimension_709,category_9,active
710,dimension_710,category_0,inactive
711,dimension_711,category_1,active
712,dimension_712,category_2,active
713,dimension_713,category_3,active
714,dimension_714,category_4,inactive
715,dimension_715,category_5,inactive
716,dimension_716,category_6,inactive
717,dimension_717,category_7,inactive
718,dimension_718,category_8,inactive
719,dimension_719,category_9,inactive
720,dimension_720,category_0,active
721,dimension_721,category_1,active
722,dimension_722,category_2,active
723,dimension_723,category_3,inactive
724,dimension_724,category_4,active
725,dimension_725,category_5,active
726,dimension_726,category_6,active
727,dimension_727,category_7,inactive
728,dimension_728,category_8,active
729,dimension_729,category_9,active
730,dimension_730,category_0,active
731,dimension_731,category_1,inactive
732,dimension_732,category_2,inactive
733,dimension_733,category_3,inactive
734,dimension_734,category_4,active
735,dimension_735,category_5,active
736,dimension_736,category_6,inactive
737,dimension_737,category_7,active
738,dimension_738,category_8,active
739,dimension_739,category_9,active
740,dimension_740,category_0,inactive
741,dimension_741,category_1,active
742,dimension_742,category_2,active
743,dimension_743,category_3,active
744,dimension_744,category_4,active
745,dimension_745,category_5,active
746,dimension_746,category_6,inactive
747,dimension_747,category_7,active
748,dimension_748,category_8,active
749,dimension_749,category_9,active
750,dimension_750,category_0,active
751,dimension_751,category_1,inactive
752,dimension_752,category_2,inactive
753,dimension_753,category_3,inactive
754,dimension_754,category_4,inactive
755,dimension_755,category_5,active
756,dimension_756,category_6,active
757,dimension_757,category_7,active
758,dimension_758,category_8,inactive
759,dimension_759,category_9,inactive
760,dimension_760,category_0,active
761,dimension_761,category_1,inactive
762,dimension_762,category_2,active
763,dimension_763,category_3,active
764,dimension_764,category_4,inactive
765,dimension_765,category_5,active
766,dimension_766,category_6,inactive
767,dimension_767,category_7,active
768,dimension_768,category_8,active
769,dimension_769,category_9,inactive
770,dimension_770,category_0,active
771,dimension_771,category_1,inactive
772,dimension_772,category_2,inactive
773,dimension_773,category_3,inactive
774,dimension_774,category_4,active
775,dimension_775,category_5,inactive
776,dimension_776,category_6,inactive
777,dimension_777,category_7,inactive
778,dimension_778,category_8,active
779,dimension_779,category_9,inactive
780,dimension_780,category_0,active
781,dimension_781,category_1,active
782,dimension_782,category_2,inactive
783,dimension_783,category_3,inactive
784,dimension_784,category_4,inactive
785,dimension_785,category_5,inactive
786,dimension_786,category_6,active
787,dimension_787,category_7,active
788,dimension_788,category_8,inactive
789,dimension_789,category_9,inactive
790,dimension_790,category_0,active
791,dimension_791,category_1,inactive
792,dimension_792,category_2,active
793,dimension_793,category_3,inactive
794,dimension_794,category_4,inactive
795,dimension_795,category_5,inactive
796,dimension_796,category_6,inactive
797,dimension_797,category_7,inactive
798,dimension_798,category_8,active
799,dimension_799,category_9,active
800,dimension_800,category_0,inactive
801,dimension_801,category_1,inactive
802,dimension_802,category_2,active
803,dimension_803,category_3,active
804,dimension_804,category_4,inactive
805,dimension_805,category_5,active
806,dimension_806,category_6,inactive
807,dimension_807,category_7,active
808,dimension_808,category_8,inactive
809,dimension_809,category_9,inactive
810,dimension_810,category_0,active
811,dimension_811,category_1,inactive
812,dimension_812,category_2,inactive
813,dimension_813,category_3,active
814,dimension_814,category_4,active
815,dimension_815,category_5,inactive
816,dimension_816,category_6,active
817,dimension_817,category_7,inactive
818,dimension_818,category_8,active
819,dimension_819,category_9,active
820,dimension_820,category_0,active
821,dimension_821,category_1,inactive
822,dimension_822,category_2,inactive
823,dimension_823,category_3,active
824,dimension_824,category_4,active
825,dimension_825,category_5,inactive
826,dimension_826,category_6,active
827,dimension_827,category_7,inactive
828,dimension_828,category_8,inactive
829,dimension_829,category_9,inactive
830,dimension_830,category_0,active
831,dimension_831,category_1,active
832,dimension_832,category_2,inactive
833,dimension_833,category_3,inactive
834,dimension_834,category_4,active
835,dimension_835,category_5,active
836,dimension_836,category_6,active
837,dimension_837,category_7,active
838,dimension_838,category_8,inactive
839,dimension_839,category_9,active
840,dimension_840,category_0,inactive
841,dimension_841,category_1,active
842,dimension_842,category_2,active
843,dimension_843,category_3,active
844,dimension_844,category_4,active
845,dimension_845,category_5,active
846,dimension_846,category_6,active
847,dimension_847,category_7,active
848,dimension_848,category_8,active
849,dimension_849,category_9,active
850,dimension_850,category_0,inactive
851,dimension_851,category_1,inactive
852,dimension_852,category_2,active
853,dimension_853,category_3,active
854,dimension_854,category_4,active
855,dimension_855,category_5,active
856,dimension_856,category_6,inactive
857,dimension_857,category_7,active
858,dimension_858,category_8,active
859,dimension_859,category_9,active
860,dimension_860,category_0,active
861,dimension_861,category_1,inactive
862,dimension_862,category_2,inactive
863,dimension_863,category_3,active
864,dimension_864,category_4,active
865,dimension_865,category_5,active
866,dimension_866,category_6,inactive
867,dimension_867,category_7,inactive
868,dimension_868,category_8,inactive
869,dimension_869,category_9,inactive
870,dimension_870,category_0,inactive
871,dimension_871,category_1,inactive
872,dimension_872,category_2,inactive
873,dimension_873,category_3,inactive
874,dimension_874,category_4,inactive
875,dimension_875,category_5,active
876,dimension_876,category_6,active
877,dimension_877,category_7,active
878,dimension_878,category_8,inactive
879,dimension_879,category_9,inactive
880,dimension_880,category_0,active
881,dimension_881,category_1,inactive
882,dimension_882,category_2,inactive
883,dimension_883,category_3,active
884,dimension_884,category_4,inactive
885,dimension_885,category_5,inactive
886,dimension_886,category_6,inactive
887,dimension_887,category_7,active
888,dimension_888,category_8,active
889,dimension_889,category_9,active
890,dimension_890,category_0,inactive
891,dimension_891,category_1,active
892,dimension_892,category_2,active
893,dimension_893,category_3,active
894,dimension_894,category_4,active
895,dimension_895,category_5,inactive
896,dimension_896,category_6,inactive
897,dimension_897,category_7,active
898,dimension_898,category_8,inactive
899,dimension_899,category_9,inactive
900,dimension_900,category_0,inactive
901,dimension_901,category_1,inactive
902,dimension_902,category_2,active
903,dimension_903,category_3,active
904,dimension_904,category_4,inactive
905,dimension_905,category_5,active
906,dimension_906,category_6,active
907,dimension_907,category_7,inactive
908,dimension_908,category_8,inactive
909,dimension_909,category_9,active
910,dimension_910,category_0,inactive
911,dimension_911,category_1,active
912,dimension_912,category_2,inactive
913,dimension_913,category_3,inactive
914,dimension_914,category_4,active
915,dimension_915,category_5,active
916,dimension_916,category_6,active
917,dimension_917,category_7,active
918,dimension_918,category_8,inactive
919,dimension_919,category_9,inactive
920,dimension_920,category_0,active
921,dimension_921,category_1,inactive
922,dimension_922,category_2,active
923,dimension_923,category_3,active
924,dimension_924,category_4,active
925,dimension_925,category_5,inactive
926,dimension_926,category_6,inactive
927,dimension_927,category_7,inactive
928,dimension_928,category_8,active
929,dimension_929,category_9,active
930,dimension_930,category_0,active
931,dimension_931,category_1,inactive
932,dimension_932,category_2,inactive
933,dimension_933,category_3,inactive
934,dimension_934,category_4,active
935,dimension_935,category_5,active
936,dimension_936,category_6,inactive
937,dimension_937,category_7,inactive
938,dimension_938,category_8,active
939,dimension_939,category_9,active
940,dimension_940,category_0,active
941,dimension_941,category_1,inactive
942,dimension_942,category_2,inactive
943,dimension_943,category_3,inactive
944,dimension_944,category_4,active
945,dimension_945,category_5,inactive
946,dimension_946,category_6,inactive
947,dimension_947,category_7,inactive
948,dimension_948,category_8,active
949,dimension_949,category_9,active
950,dimension_950,category_0,active
951,dimension_951,category_1,inactive
952,dimension_952,category_2,inactive
953,dimension_953,category_3,inactive
954,dimension_954,category_4,inactive
955,dimension_955,category_5,inactive
956,dimension_956,category_6,active
957,dimension_957,category_7,active
958,dimension_958,category_8,active
959,dimension_959,category_9,active
960,dimension_960,category_0,active
961,dimension_961,category_1,inactive
962,dimension_962,category_2,inactive
963,dimension_963,category_3,active
964,dimension_964,category_4,inactive
965,dimension_965,category_5,active
966,dimension_966,category_6,inactive
967,dimension_967,category_7,active
968,dimension_968,category_8,inactive
969,dimension_969,category_9,inactive
970,dimension_970,category_0,active
971,dimension_971,category_1,inactive
972,dimension_972,category_2,inactive
973,dimension_973,category_3,inactive
974,dimension_974,category_4,inactive
975,dimension_975,category_5,inactive
976,dimension_976,category_6,inactive
977,dimension_977,category_7,active
978,dimension_978,category_8,inactive
979,dimension_979,category_9,inactive
980,dimension_980,category_0,inactive
981,dimension_981,category_1,active
982,dimension_982,category_2,active
983,dimension_983,category_3,inactive
984,dimension_984,category_4,active
985,dimension_985,category_5,inactive
986,dimension_986,category_6,active
987,dimension_987,category_7,active
988,dimension_988,category_8,active
989,dimension_989,category_9,active
990,dimension_990,category_0,active
991,dimension_991,category_1,active
992,dimension_992,category_2,inactive
993,dimension_993,category_3,active
994,dimension_994,category_4,active
995,dimension_995,category_5,active
996,dimension_996,category_6,active
997,dimension_997,category_7,inactive
998,dimension_998,category_8,inactive
999,dimension_999,category_9,inactive
1000,dimension_1000,category_0,inactive
